{"products":[{"id":"0.8436769633911719","qty":1}],"totalPrice":20.099999999999994}